iteration_num,svm,decision_trees,neural_net,,,,,,,,
0,0.48,0.4642857143,0.4642857143,,,AVG,STD,,T.Test,,
1,0.1739130435,0.125,0.125,,SVM,0.2917152803,0.1226612083,,0.0018284188,<- SVM v. DT,
2,0.3243243243,0.3673469388,0.3673469388,,DCT,0.3046487603,0.1104484528,,0.0653153441,<- DT v. NN,
3,0.4705882353,0.4666666667,0.4666666667,,NN,0.305517493,0.1068653667,,,,
4,0.2857142857,0.2666666667,0.2666666667,,,,,,,,
5,0.2941176471,0.2978723404,0.2978723404,,,,,,,,
6,0.5862068966,0.5070422535,0.48,,,,,,,,
7,0.4705882353,0.3902439024,0.3902439024,,,,,,,,
8,0.3125,0.3829787234,0.3829787234,,,,,,Two-tailed test,,
9,0.3636363636,0.2857142857,0.3265306122,,,,,,allowable percentage of error,,0.05
10,0.2941176471,0.3636363636,0.3571428571,,,,,,Ho = no difference between the performance,,
11,0.4615384615,0.4705882353,0.4705882353,,,,,,H1 = significant difference,,
12,0.3684210526,0.5384615385,0.5283018868,,,,,,,,
13,0.16,0.2857142857,0.3043478261,,,,,,,,
14,0.2105263158,0.2857142857,0.2857142857,,,,,,,,
15,0.3125,0.2222222222,0.2173913043,,,,,,,,
16,0.5,0.3902439024,0.380952381,,,,,,,,
17,0.1212121212,0.1428571429,0.1333333333,,,,,,,,
18,0.4,0.4680851064,0.4680851064,,,,,,,,
19,0.125,0.25,0.2272727273,,,,,,,,
20,0.275862069,0.3333333333,0.3333333333,,,,,,,,
21,0.0740740741,0.0930232558,0.0930232558,,,,,,,,
22,0.35,0.375,0.36,,,,,,,,
23,0.3571428571,0.2777777778,0.2777777778,,,,,,,,
24,0.2068965517,0.1621621622,0.1621621622,,,,,,,,
25,0.3225806452,0.3076923077,0.3333333333,,,,,,,,
26,0.2857142857,0.2666666667,0.2666666667,,,,,,,,
27,0.3921568627,0.3789473684,0.3789473684,,,,,,,,
28,0.0869565217,0.1904761905,0.2272727273,,,,,,,,
29,0.2285714286,0.2105263158,0.2105263158,,,,,,,,
30,0.2307692308,0.2941176471,0.3157894737,,,,,,,,
31,0.3,0.2222222222,0.2162162162,,,,,,,,
32,0.3888888889,0.2909090909,0.2909090909,,,,,,,,
33,0.25,0.3265306122,0.32,,,,,,,,
34,0.3846153846,0.2857142857,0.2777777778,,,,,,,,
35,0.4,0.5833333333,0.5384615385,,,,,,,,
36,0.487804878,0.375,0.375,,,,,,,,
37,0.2666666667,0.1632653061,0.1632653061,,,,,,,,
38,0.4615384615,0.4,0.4,,,,,,,,
39,0.3529411765,0.2666666667,0.2666666667,,,,,,,,
40,0.1818181818,0.2857142857,0.2857142857,,,,,,,,
41,0.32,0.2083333333,0.1923076923,,,,,,,,
42,0.24,0.2424242424,0.2424242424,,,,,,,,
43,0.35,0.2686567164,0.2432432432,,,,,,,,
44,0.1904761905,0.2352941176,0.2222222222,,,,,,,,
45,0.5,0.4,0.3888888889,,,,,,,,
46,0.3076923077,0.2702702703,0.2702702703,,,,,,,,
47,0.1176470588,0.2608695652,0.2553191489,,,,,,,,
48,0.0769230769,0.1363636364,0.1333333333,,,,,,,,
49,0.3636363636,0.3870967742,0.3636363636,,,,,,,,
50,0.2051282051,0.3461538462,0.3461538462,,,,,,,,
51,0.2285714286,0.3606557377,0.3606557377,,,,,,,,
52,0.1875,0.1666666667,0.1666666667,,,,,,,,
53,0.45,0.2962962963,0.2962962963,,,,,,,,
54,0.2727272727,0.275862069,0.25,,,,,,,,
55,0.3846153846,0.4444444444,0.4166666667,,,,,,,,
56,0.4166666667,0.3870967742,0.3636363636,,,,,,,,
57,0.4848484848,0.4444444444,0.4444444444,,,,,,,,
58,0.32,0.1454545455,0.1379310345,,,,,,,,
59,0.2307692308,0.3157894737,0.3157894737,,,,,,,,
60,0.2222222222,0.2352941176,0.2352941176,,,,,,,,
61,0.5294117647,0.3582089552,0.3768115942,,,,,,,,
62,0.24,0.25,0.25,,,,,,,,
63,0.2083333333,0.3666666667,0.3666666667,,,,,,,,
64,0.1379310345,0.2127659574,0.2448979592,,,,,,,,
65,0.303030303,0.2142857143,0.2068965517,,,,,,,,
66,0.2,0.3225806452,0.2739726027,,,,,,,,
67,0.16,0.1621621622,0.1538461538,,,,,,,,
68,0.4583333333,0.2692307692,0.2692307692,,,,,,,,
69,0.2222222222,0.16,0.16,,,,,,,,
70,0.2608695652,0.1764705882,0.1578947368,,,,,,,,
71,0.4,0.375,0.375,,,,,,,,
72,0.2790697674,0.4285714286,0.4507042254,,,,,,,,
73,0.4545454545,0.4516129032,0.4242424242,,,,,,,,
74,0.3076923077,0.2162162162,0.25,,,,,,,,
75,0.08,0.2285714286,0.2051282051,,,,,,,,
76,0.2857142857,0.4102564103,0.4102564103,,,,,,,,
77,0.1935483871,0.2857142857,0.3265306122,,,,,,,,
78,0.125,0.3333333333,0.3333333333,,,,,,,,
79,0.4545454545,0.3125,0.3125,,,,,,,,
80,0.5,0.5172413793,0.5084745763,,,,,,,,
81,0.0714285714,0.0816326531,0.1481481481,,,,,,,,
82,0.3846153846,0.4,0.3902439024,,,,,,,,
83,0.4242424242,0.28,0.2641509434,,,,,,,,
84,0.4242424242,0.6222222222,0.5833333333,,,,,,,,
85,0,0.1428571429,0.1379310345,,,,,,,,
86,0,0.2307692308,0.2264150943,,,,,,,,
87,0.32,0.2777777778,0.2777777778,,,,,,,,
88,0.3243243243,0.406779661,0.393442623,,,,,,,,
89,0.3333333333,0.3636363636,0.3555555556,,,,,,,,
90,0.2352941176,0.1777777778,0.170212766,,,,,,,,
91,0.3157894737,0.6428571429,0.6315789474,,,,,,,,
92,0.1333333333,0.1,0.0952380952,,,,,,,,
93,0.2424242424,0.4074074074,0.4074074074,,,,,,,,
94,0.4615384615,0.3076923077,0.3720930233,,,,,,,,
95,0.2777777778,0.3859649123,0.3793103448,,,,,,,,
96,0.1176470588,0.1739130435,0.170212766,,,,,,,,
97,0.2222222222,0.347826087,0.4,,,,,,,,
98,0.6666666667,0.5882352941,0.5714285714,,,,,,,,
99,0.2962962963,0.3928571429,0.3793103448,,,,,,,,
100,0.4545454545,0.3125,0.3125,,,,,,,,
101,0.1739130435,0.1935483871,0.1875,,,,,,,,
102,0.0512820513,0.04,0.04,,,,,,,,
103,0.3333333333,0.24,0.2307692308,,,,,,,,
104,0.2424242424,0.4166666667,0.4081632653,,,,,,,,
105,0.1935483871,0.375,0.3692307692,,,,,,,,
106,0.2222222222,0.1578947368,0.1538461538,,,,,,,,
107,0.2352941176,0.2608695652,0.2307692308,,,,,,,,
108,0.487804878,0.5084745763,0.4838709677,,,,,,,,
109,0.3076923077,0.2040816327,0.2,,,,,,,,
110,0.4166666667,0.3414634146,0.3333333333,,,,,,,,
111,0.1290322581,0.4,0.4,,,,,,,,
112,0.1333333333,0.1578947368,0.1538461538,,,,,,,,
113,0.2727272727,0.2962962963,0.3428571429,,,,,,,,
114,0.3846153846,0.303030303,0.303030303,,,,,,,,
115,0.1333333333,0.2448979592,0.24,,,,,,,,
116,0.5263157895,0.52,0.5098039216,,,,,,,,
117,0.5405405405,0.5573770492,0.5396825397,,,,,,,,
118,0.0833333333,0.1951219512,0.2272727273,,,,,,,,
119,0.2857142857,0.2424242424,0.358974359,,,,,,,,
120,0.1904761905,0.2857142857,0.2580645161,,,,,,,,
121,0.32,0.3157894737,0.3076923077,,,,,,,,
122,0.2142857143,0.3555555556,0.3555555556,,,,,,,,
123,0.5,0.3142857143,0.3142857143,,,,,,,,
124,0.2857142857,0.3846153846,0.3773584906,,,,,,,,
125,0.1818181818,0.34375,0.3529411765,,,,,,,,
126,0.3125,0.3043478261,0.3333333333,,,,,,,,
127,0.3529411765,0.3529411765,0.3529411765,,,,,,,,
128,0.3720930233,0.3214285714,0.3214285714,,,,,,,,
129,0.3529411765,0.4642857143,0.4642857143,,,,,,,,
130,0.3076923077,0.511627907,0.511627907,,,,,,,,
131,0.3529411765,0.4347826087,0.4347826087,,,,,,,,
132,0.2222222222,0.1363636364,0.1363636364,,,,,,,,
133,0.1290322581,0.1860465116,0.1860465116,,,,,,,,
134,0.16,0.1666666667,0.1666666667,,,,,,,,
135,0.5714285714,0.4,0.4,,,,,,,,
136,0.3,0.2,0.1904761905,,,,,,,,
137,0.1333333333,0.0869565217,0.0869565217,,,,,,,,
138,0.3684210526,0.32,0.2909090909,,,,,,,,
139,0.2580645161,0.1904761905,0.1860465116,,,,,,,,
140,0.56,0.4736842105,0.4736842105,,,,,,,,
141,0.275862069,0.3333333333,0.32,,,,,,,,
142,0.375,0.2608695652,0.2553191489,,,,,,,,
143,0.3,0.2903225806,0.2769230769,,,,,,,,
144,0.3428571429,0.48,0.5185185185,,,,,,,,
145,0.2857142857,0.4705882353,0.4615384615,,,,,,,,
146,0.2608695652,0.275862069,0.275862069,,,,,,,,
147,0.3333333333,0.3,0.3,,,,,,,,
148,0.303030303,0.3404255319,0.3265306122,,,,,,,,
149,0.2857142857,0.303030303,0.2777777778,,,,,,,,
150,0.4705882353,0.4347826087,0.4680851064,,,,,,,,
151,0.2142857143,0.2222222222,0.2,,,,,,,,
152,0.5517241379,0.36,0.36,,,,,,,,
153,0.1764705882,0.3137254902,0.3137254902,,,,,,,,
154,0.3783783784,0.5283018868,0.46875,,,,,,,,
155,0.1714285714,0.2807017544,0.262295082,,,,,,,,
156,0,0.3783783784,0.3783783784,,,,,,,,
157,0.2222222222,0.2222222222,0.2105263158,,,,,,,,
158,0.1818181818,0.1025641026,0.1025641026,,,,,,,,
159,0.3428571429,0.3673469388,0.3673469388,,,,,,,,
160,0.4,0.4571428571,0.4571428571,,,,,,,,
161,0.3076923077,0.4680851064,0.5384615385,,,,,,,,
162,0.45,0.4,0.3939393939,,,,,,,,
163,0.3684210526,0.3265306122,0.3018867925,,,,,,,,
164,0.2051282051,0.3492063492,0.3492063492,,,,,,,,
165,0.1428571429,0.2777777778,0.2777777778,,,,,,,,
166,0.4117647059,0.3673469388,0.3529411765,,,,,,,,
167,0.3076923077,0.4081632653,0.4,,,,,,,,
168,0.1428571429,0.3137254902,0.3137254902,,,,,,,,
169,0.08,0.2666666667,0.2666666667,,,,,,,,
170,0.4761904762,0.3571428571,0.3571428571,,,,,,,,
171,0.2857142857,0.4814814815,0.4727272727,,,,,,,,
172,0.4137931034,0.375,0.3529411765,,,,,,,,
173,0.5,0.5384615385,0.5316455696,,,,,,,,
174,0.3333333333,0.2745098039,0.2745098039,,,,,,,,
175,0.275862069,0.1923076923,0.2222222222,,,,,,,,
176,0.32,0.3684210526,0.3684210526,,,,,,,,
177,0.32,0.447761194,0.447761194,,,,,,,,
178,0.4137931034,0.3137254902,0.3461538462,,,,,,,,
179,0.5,0.3529411765,0.3529411765,,,,,,,,
180,0.2222222222,0.2978723404,0.2978723404,,,,,,,,
181,0.2105263158,0.1176470588,0.1176470588,,,,,,,,
182,0.3076923077,0.2222222222,0.2222222222,,,,,,,,
183,0.2105263158,0.2631578947,0.2631578947,,,,,,,,
184,0.3125,0.2564102564,0.2564102564,,,,,,,,
185,0.2,0.4782608696,0.44,,,,,,,,
186,0.0689655172,0.1304347826,0.1304347826,,,,,,,,
187,0.3076923077,0.243902439,0.243902439,,,,,,,,
188,0.3076923077,0.3636363636,0.3636363636,,,,,,,,
189,0.4081632653,0.3125,0.3125,,,,,,,,
190,0.2962962963,0.2352941176,0.2777777778,,,,,,,,
191,0.3333333333,0.3913043478,0.3913043478,,,,,,,,
192,0.6086956522,0.4761904762,0.4347826087,,,,,,,,
193,0.4,0.4324324324,0.4324324324,,,,,,,,
194,0.2666666667,0.4444444444,0.4444444444,,,,,,,,
195,0.3636363636,0.2040816327,0.2040816327,,,,,,,,
196,0.4285714286,0.5777777778,0.5652173913,,,,,,,,
197,0.35,0.5283018868,0.5283018868,,,,,,,,
198,0.2352941176,0.2222222222,0.2222222222,,,,,,,,
199,0.2857142857,0.3859649123,0.393442623,,,,,,,,
200,0.3636363636,0.3333333333,0.3265306122,,,,,,,,
201,0.4516129032,0.4897959184,0.4897959184,,,,,,,,
202,0.5454545455,0.3529411765,0.3888888889,,,,,,,,
203,0.2068965517,0.2702702703,0.3,,,,,,,,
204,0.1052631579,0.1428571429,0.1935483871,,,,,,,,
205,0.4848484848,0.5333333333,0.5333333333,,,,,,,,
206,0.1666666667,0.3125,0.3125,,,,,,,,
207,0.1666666667,0.1875,0.1764705882,,,,,,,,
208,0.2222222222,0.3636363636,0.3404255319,,,,,,,,
209,0.2702702703,0.2181818182,0.2033898305,,,,,,,,
210,0.1481481481,0.1538461538,0.1428571429,,,,,,,,
211,0.3448275862,0.3673469388,0.3673469388,,,,,,,,
212,0.4651162791,0.3142857143,0.3287671233,,,,,,,,
213,0.4615384615,0.44,0.44,,,,,,,,
214,0.4545454545,0.3235294118,0.3235294118,,,,,,,,
215,0.303030303,0.4,0.3829787234,,,,,,,,
216,0.1818181818,0.3880597015,0.3880597015,,,,,,,,
217,0.5,0.4375,0.4375,,,,,,,,
218,0.2222222222,0.5283018868,0.5090909091,,,,,,,,
219,0.2941176471,0.3939393939,0.3939393939,,,,,,,,
220,0.2553191489,0.3835616438,0.3835616438,,,,,,,,
221,0.375,0.36,0.3333333333,,,,,,,,
222,0.0909090909,0.0625,0.0625,,,,,,,,
223,0.3448275862,0.2631578947,0.2631578947,,,,,,,,
224,0.3225806452,0.2978723404,0.2978723404,,,,,,,,
225,0.1,0.25,0.25,,,,,,,,
226,0.2857142857,0.4482758621,0.4482758621,,,,,,,,
227,0.4137931034,0.3636363636,0.3636363636,,,,,,,,
228,0.1379310345,0.2857142857,0.28,,,,,,,,
229,0.2608695652,0.1860465116,0.1860465116,,,,,,,,
230,0.3333333333,0.2941176471,0.2777777778,,,,,,,,
231,0.2068965517,0.1428571429,0.1428571429,,,,,,,,
232,0.1428571429,0.511627907,0.511627907,,,,,,,,
233,0.2222222222,0.2941176471,0.2857142857,,,,,,,,
234,0.3157894737,0.3448275862,0.3448275862,,,,,,,,
235,0.2631578947,0.2985074627,0.2985074627,,,,,,,,
236,0.1111111111,0.3529411765,0.3529411765,,,,,,,,
237,0.1621621622,0.4166666667,0.4166666667,,,,,,,,
238,0.3333333333,0.2631578947,0.2631578947,,,,,,,,
239,0.32,0.2424242424,0.2424242424,,,,,,,,
240,0.16,0.1621621622,0.1621621622,,,,,,,,
241,0.4,0.2150537634,0.2150537634,,,,,,,,
242,0.3,0.1875,0.1764705882,,,,,,,,
243,0.0666666667,0.1621621622,0.1538461538,,,,,,,,
244,0.1176470588,0.1777777778,0.2222222222,,,,,,,,
245,0.5641025641,0.4444444444,0.4444444444,,,,,,,,
246,0.4,0.431372549,0.431372549,,,,,,,,
247,0.2857142857,0.3333333333,0.3333333333,,,,,,,,
248,0.1481481481,0.1951219512,0.1860465116,,,,,,,,
249,0.1860465116,0.3333333333,0.3225806452,,,,,,,,
250,0.3448275862,0.3333333333,0.4081632653,,,,,,,,
251,0.3243243243,0.3043478261,0.4081632653,,,,,,,,
252,0.3333333333,0.3555555556,0.3555555556,,,,,,,,
253,0.1538461538,0.3076923077,0.3076923077,,,,,,,,
254,0.3,0.2857142857,0.275862069,,,,,,,,
255,0.275862069,0.2380952381,0.3673469388,,,,,,,,
256,0.375,0.3181818182,0.3043478261,,,,,,,,
257,0.303030303,0.3043478261,0.2916666667,,,,,,,,
258,0.32,0.2727272727,0.2727272727,,,,,,,,
259,0.3333333333,0.2631578947,0.2631578947,,,,,,,,
260,0.2352941176,0.2413793103,0.2333333333,,,,,,,,
261,0.4,0.2916666667,0.28,,,,,,,,
262,0.2857142857,0.170212766,0.1923076923,,,,,,,,
263,0.4,0.4736842105,0.4615384615,,,,,,,,
264,0.3870967742,0.3157894737,0.3,,,,,,,,
265,0.24,0.3125,0.3529411765,,,,,,,,
266,0.3846153846,0.2941176471,0.2941176471,,,,,,,,
267,0.2,0.1875,0.2352941176,,,,,,,,
268,0,0.1538461538,0.1481481481,,,,,,,,
269,0.375,0.3414634146,0.3333333333,,,,,,,,
270,0.3846153846,0.3157894737,0.2857142857,,,,,,,,
271,0.2083333333,0.21875,0.2388059701,,,,,,,,
272,0.4117647059,0.2916666667,0.3529411765,,,,,,,,
273,0.2307692308,0.1714285714,0.1714285714,,,,,,,,
274,0.1052631579,0.2424242424,0.2777777778,,,,,,,,
275,0.3555555556,0.301369863,0.2933333333,,,,,,,,
276,0.2564102564,0.3555555556,0.3555555556,,,,,,,,
277,0.1951219512,0.2857142857,0.2857142857,,,,,,,,
278,0.347826087,0.2380952381,0.2727272727,,,,,,,,
279,0.6086956522,0.4324324324,0.4324324324,,,,,,,,
280,0.2162162162,0.2181818182,0.2181818182,,,,,,,,
281,0.2857142857,0.2745098039,0.2745098039,,,,,,,,
282,0.0952380952,0.1025641026,0.0975609756,,,,,,,,
283,0.2941176471,0.2307692308,0.2333333333,,,,,,,,
284,0.3333333333,0.3076923077,0.3414634146,,,,,,,,
285,0.2105263158,0.25,0.275862069,,,,,,,,
286,0.4545454545,0.3703703704,0.3448275862,,,,,,,,
287,0.2424242424,0.2388059701,0.2388059701,,,,,,,,
288,0.2857142857,0.2,0.2,,,,,,,,
289,0.25,0.2051282051,0.2051282051,,,,,,,,
290,0.3846153846,0.2380952381,0.2380952381,,,,,,,,
291,0.44,0.4242424242,0.4179104478,,,,,,,,
292,0.2424242424,0.6181818182,0.5964912281,,,,,,,,
293,0.2105263158,0.3636363636,0.3636363636,,,,,,,,
294,0.2702702703,0.2365591398,0.2365591398,,,,,,,,
295,0.0833333333,0.0869565217,0.1960784314,,,,,,,,
296,0.1739130435,0.1142857143,0.1142857143,,,,,,,,
297,0.5405405405,0.3773584906,0.3571428571,,,,,,,,
298,0.4137931034,0.4390243902,0.5416666667,,,,,,,,
299,0.3125,0.4347826087,0.4347826087,,,,,,,,
300,0.3225806452,0.3555555556,0.3555555556,,,,,,,,
301,0.1818181818,0.1632653061,0.1632653061,,,,,,,,
302,0.1935483871,0.2162162162,0.1904761905,,,,,,,,
303,0.3888888889,0.2545454545,0.2545454545,,,,,,,,
304,0.1538461538,0.358974359,0.358974359,,,,,,,,
305,0.32,0.2777777778,0.2777777778,,,,,,,,
306,0.3125,0.3043478261,0.2978723404,,,,,,,,
307,0.2352941176,0.2580645161,0.2580645161,,,,,,,,
308,0.2142857143,0.5238095238,0.511627907,,,,,,,,
309,0.1818181818,0.4210526316,0.4102564103,,,,,,,,
310,0.3125,0.3076923077,0.3076923077,,,,,,,,
311,0.1739130435,0.2941176471,0.2857142857,,,,,,,,
312,0.32,0.2702702703,0.2702702703,,,,,,,,
313,0.5263157895,0.4905660377,0.4814814815,,,,,,,,
314,0.25,0.4615384615,0.4363636364,,,,,,,,
315,0.1818181818,0.3287671233,0.3287671233,,,,,,,,
316,0.25,0.1860465116,0.1860465116,,,,,,,,
317,0.358974359,0.4126984127,0.4126984127,,,,,,,,
318,0.1,0.275,0.275,,,,,,,,
319,0.16,0.3333333333,0.3265306122,,,,,,,,
320,0.1666666667,0.2222222222,0.2222222222,,,,,,,,
321,0.3333333333,0.3673469388,0.3673469388,,,,,,,,
322,0.2285714286,0.25,0.2727272727,,,,,,,,
323,0.2105263158,0.1632653061,0.2068965517,,,,,,,,
324,0.2222222222,0.3943661972,0.3943661972,,,,,,,,
325,0.25,0.2040816327,0.1923076923,,,,,,,,
326,0.3703703704,0.3684210526,0.3255813953,,,,,,,,
327,0.2424242424,0.2950819672,0.2950819672,,,,,,,,
328,0.2127659574,0.1714285714,0.1714285714,,,,,,,,
329,0.5384615385,0.4242424242,0.4444444444,,,,,,,,
330,0.2068965517,0.3243243243,0.3243243243,,,,,,,,
331,0.2962962963,0.2162162162,0.2105263158,,,,,,,,
332,0.35,0.275862069,0.3050847458,,,,,,,,
333,0.1818181818,0.1739130435,0.1739130435,,,,,,,,
334,0,0.1290322581,0.1176470588,,,,,,,,
335,0.3636363636,0.2916666667,0.28,,,,,,,,
336,0.1904761905,0.1333333333,0.1290322581,,,,,,,,
337,0.4375,0.3636363636,0.375,,,,,,,,
338,0.2608695652,0.25,0.2352941176,,,,,,,,
339,0.2727272727,0.2142857143,0.2142857143,,,,,,,,
340,0.1714285714,0.16,0.16,,,,,,,,
341,0.48,0.375,0.375,,,,,,,,
342,0.3846153846,0.3428571429,0.3428571429,,,,,,,,
343,0.3636363636,0.3225806452,0.3225806452,,,,,,,,
344,0.2666666667,0.2142857143,0.2033898305,,,,,,,,
345,0.1538461538,0.202247191,0.202247191,,,,,,,,
346,0.4736842105,0.4745762712,0.4761904762,,,,,,,,
347,0.24,0.3076923077,0.3255813953,,,,,,,,
348,0.4210526316,0.3137254902,0.3076923077,,,,,,,,
349,0.24,0.2916666667,0.36,,,,,,,,
350,0.1860465116,0.21875,0.2647058824,,,,,,,,
351,0.32,0.2553191489,0.3265306122,,,,,,,,
352,0.1481481481,0.380952381,0.347826087,,,,,,,,
353,0.2608695652,0.275862069,0.275862069,,,,,,,,
354,0.4242424242,0.4545454545,0.4255319149,,,,,,,,
355,0.5882352941,0.3333333333,0.3225806452,,,,,,,,
356,0.4166666667,0.3529411765,0.3333333333,,,,,,,,
357,0.1538461538,0.1333333333,0.1333333333,,,,,,,,
358,0.3571428571,0.380952381,0.380952381,,,,,,,,
359,0.347826087,0.3157894737,0.3076923077,,,,,,,,
360,0.2608695652,0.3636363636,0.3636363636,,,,,,,,
361,0,0.1538461538,0.2647058824,,,,,,,,
362,0.6666666667,0.5,0.5,,,,,,,,
363,0.0769230769,0.1081081081,0.1081081081,,,,,,,,
364,0.303030303,0.2380952381,0.2380952381,,,,,,,,
365,0.32,0.4,0.4,,,,,,,,
366,0.3125,0.2553191489,0.2962962963,,,,,,,,
367,0.1481481481,0.1224489796,0.1224489796,,,,,,,,
368,0.1290322581,0.3703703704,0.4,,,,,,,,
369,0.125,0.2903225806,0.2727272727,,,,,,,,
370,0.4137931034,0.35,0.35,,,,,,,,
371,0.3225806452,0.3333333333,0.3333333333,,,,,,,,
372,0.1904761905,0.25,0.25,,,,,,,,
373,0.2666666667,0.2173913043,0.2173913043,,,,,,,,
374,0.2608695652,0.5263157895,0.5263157895,,,,,,,,
375,0.1212121212,0.2083333333,0.2083333333,,,,,,,,
376,0.3265306122,0.2337662338,0.2337662338,,,,,,,,
377,0.380952381,0.25,0.25,,,,,,,,
378,0.2,0.1875,0.2222222222,,,,,,,,
379,0.2962962963,0.3888888889,0.3888888889,,,,,,,,
380,0.2,0.1875,0.2631578947,,,,,,,,
381,0.4,0.4081632653,0.4,,,,,,,,
382,0.4285714286,0.4,0.3888888889,,,,,,,,
383,0.4666666667,0.4090909091,0.4090909091,,,,,,,,
384,0.275862069,0.2173913043,0.2040816327,,,,,,,,
385,0.4516129032,0.3888888889,0.3684210526,,,,,,,,
386,0.24,0.25,0.25,,,,,,,,
387,0,0,0.125,,,,,,,,
388,0.4242424242,0.4,0.4,,,,,,,,
389,0.380952381,0.303030303,0.2941176471,,,,,,,,
390,0.3529411765,0.3728813559,0.3666666667,,,,,,,,
391,0.2,0.2162162162,0.2051282051,,,,,,,,
392,0.4545454545,0.16,0.1538461538,,,,,,,,
393,0.16,0.2222222222,0.2051282051,,,,,,,,
394,0.3636363636,0.2666666667,0.2666666667,,,,,,,,
395,0.3225806452,0.3137254902,0.2962962963,,,,,,,,
396,0.3225806452,0.3043478261,0.3043478261,,,,,,,,
397,0.5,0.4864864865,0.4864864865,,,,,,,,
398,0.32,0.3333333333,0.3243243243,,,,,,,,
399,0.4,0.3571428571,0.3571428571,,,,,,,,
400,0.2580645161,0.3137254902,0.262295082,,,,,,,,
401,0.1142857143,0.1428571429,0.1395348837,,,,,,,,
402,0.1666666667,0.3111111111,0.2916666667,,,,,,,,
403,0.3333333333,0.3043478261,0.28,,,,,,,,
404,0.170212766,0.2368421053,0.2368421053,,,,,,,,
405,0.3636363636,0.2666666667,0.25,,,,,,,,
406,0.4166666667,0.2631578947,0.25,,,,,,,,
407,0.2162162162,0.2173913043,0.2352941176,,,,,,,,
408,0.2222222222,0.1739130435,0.1739130435,,,,,,,,
409,0.2608695652,0.2380952381,0.347826087,,,,,,,,
410,0.2,0.2745098039,0.2745098039,,,,,,,,
411,0.2,0.2040816327,0.2,,,,,,,,
412,0.2142857143,0.3157894737,0.3157894737,,,,,,,,
413,0.2127659574,0.2950819672,0.2950819672,,,,,,,,
414,0.4705882353,0.3921568627,0.4,,,,,,,,
415,0.3333333333,0.2380952381,0.2380952381,,,,,,,,
416,0.2978723404,0.46875,0.46875,,,,,,,,
417,0.303030303,0.2916666667,0.2916666667,,,,,,,,
418,0.5185185185,0.28,0.2745098039,,,,,,,,
419,0.32,0.1538461538,0.1509433962,,,,,,,,
420,0.3333333333,0.3225806452,0.3225806452,,,,,,,,
421,0.4,0.3,0.3255813953,,,,,,,,
422,0.2580645161,0.2857142857,0.2857142857,,,,,,,,
423,0.24,0.1578947368,0.1578947368,,,,,,,,
424,0.3636363636,0.25,0.2325581395,,,,,,,,
425,0.4,0.4615384615,0.4390243902,,,,,,,,
426,0.4166666667,0.5128205128,0.5,,,,,,,,
427,0.1764705882,0.3448275862,0.3448275862,,,,,,,,
428,0.4375,0.5833333333,0.5833333333,,,,,,,,
429,0.25,0.2857142857,0.2666666667,,,,,,,,
430,0.1538461538,0.2727272727,0.2608695652,,,,,,,,
431,0.24,0.2222222222,0.2,,,,,,,,
432,0.4,0.3,0.3,,,,,,,,
433,0.4489795918,0.3181818182,0.3181818182,,,,,,,,
434,0.303030303,0.2857142857,0.2727272727,,,,,,,,
435,0.2727272727,0.3125,0.3125,,,,,,,,
436,0.0666666667,0.2666666667,0.253968254,,,,,,,,
437,0.1379310345,0.1904761905,0.1860465116,,,,,,,,
438,0.2142857143,0.15,0.1428571429,,,,,,,,
439,0.4117647059,0.35,0.2978723404,,,,,,,,
440,0.2666666667,0.3666666667,0.3666666667,,,,,,,,
441,0.2666666667,0.3,0.2926829268,,,,,,,,
442,0.3255813953,0.3823529412,0.358974359,,,,,,,,
443,0.5384615385,0.5263157895,0.4444444444,,,,,,,,
444,0.0714285714,0.243902439,0.243902439,,,,,,,,
445,0.4,0.2264150943,0.2592592593,,,,,,,,
446,0.4444444444,0.3243243243,0.3243243243,,,,,,,,
447,0.25,0.350877193,0.3389830508,,,,,,,,
448,0.3846153846,0.303030303,0.303030303,,,,,,,,
449,0.25,0.1860465116,0.2173913043,,,,,,,,
450,0.4347826087,0.3870967742,0.4242424242,,,,,,,,
451,0.1739130435,0.2941176471,0.2941176471,,,,,,,,
452,0.125,0.1333333333,0.1333333333,,,,,,,,
453,0.3076923077,0.2424242424,0.2424242424,,,,,,,,
454,0.4827586207,0.2857142857,0.2857142857,,,,,,,,
455,0.2857142857,0.3404255319,0.3137254902,,,,,,,,
456,0.4761904762,0.3333333333,0.3333333333,,,,,,,,
457,0.1481481481,0.1276595745,0.1276595745,,,,,,,,
458,0.275862069,0.1904761905,0.2173913043,,,,,,,,
459,0.1290322581,0.2352941176,0.2352941176,,,,,,,,
460,0.3333333333,0.1860465116,0.2222222222,,,,,,,,
461,0.3076923077,0.2608695652,0.2608695652,,,,,,,,
462,0.1111111111,0.406779661,0.406779661,,,,,,,,
463,0.3703703704,0.25,0.25,,,,,,,,
464,0.3333333333,0.3,0.3,,,,,,,,
465,0.125,0.1818181818,0.1818181818,,,,,,,,
466,0.4848484848,0.3461538462,0.3396226415,,,,,,,,
467,0.1818181818,0.1463414634,0.1777777778,,,,,,,,
468,0.3125,0.2790697674,0.347826087,,,,,,,,
469,0.3783783784,0.3255813953,0.3255813953,,,,,,,,
470,0.2222222222,0.2127659574,0.2448979592,,,,,,,,
471,0.2962962963,0.2702702703,0.2702702703,,,,,,,,
472,0,0.0454545455,0.1071428571,,,,,,,,
473,0.1714285714,0.3137254902,0.3137254902,,,,,,,,
474,0.1428571429,0.2142857143,0.2295081967,,,,,,,,
475,0.2,0.1538461538,0.2372881356,,,,,,,,
476,0.0740740741,0.0975609756,0.0952380952,,,,,,,,
477,0.25,0.1777777778,0.1777777778,,,,,,,,
478,0.0689655172,0.125,0.1578947368,,,,,,,,
479,0.3225806452,0.2777777778,0.25,,,,,,,,
480,0.5,0.3414634146,0.3555555556,,,,,,,,
481,0,0.1081081081,0.1081081081,,,,,,,,
482,0.1739130435,0.3243243243,0.3243243243,,,,,,,,
483,0.4,0.3333333333,0.3043478261,,,,,,,,
484,0.2941176471,0.2727272727,0.2666666667,,,,,,,,
485,0.380952381,0.3870967742,0.3870967742,,,,,,,,
486,0.2068965517,0.487804878,0.487804878,,,,,,,,
487,0.6206896552,0.5,0.5,,,,,,,,
488,0.275862069,0.2666666667,0.2553191489,,,,,,,,
489,0.3076923077,0.3913043478,0.3829787234,,,,,,,,
490,0.3333333333,0.1904761905,0.1904761905,,,,,,,,
491,0.275862069,0.1777777778,0.1739130435,,,,,,,,
492,0.4166666667,0.4375,0.4242424242,,,,,,,,
493,0.064516129,0.1568627451,0.1568627451,,,,,,,,
494,0.3636363636,0.5106382979,0.5416666667,,,,,,,,
495,0.3043478261,0.3188405797,0.3513513514,,,,,,,,
496,0.3157894737,0.24,0.24,,,,,,,,
497,0.2325581395,0.6666666667,0.5789473684,,,,,,,,
498,0.347826087,0.3333333333,0.3243243243,,,,,,,,
499,0.4285714286,0.3783783784,0.3783783784,,,,,,,,
500,0.3125,0.3,0.3,,,,,,,,
501,0.3636363636,0.3829787234,0.3829787234,,,,,,,,
502,0.0869565217,0.1111111111,0.0909090909,,,,,,,,
503,0.3859649123,0.4691358025,0.4691358025,,,,,,,,
504,0.3333333333,0.3125,0.2941176471,,,,,,,,
505,0.380952381,0.3333333333,0.3157894737,,,,,,,,
506,0.2926829268,0.5161290323,0.4705882353,,,,,,,,
507,0.4444444444,0.3181818182,0.3404255319,,,,,,,,
508,0.375,0.2790697674,0.2448979592,,,,,,,,
509,0.375,0.5333333333,0.5333333333,,,,,,,,
510,0.1176470588,0.0454545455,0.0444444444,,,,,,,,
511,0.2962962963,0.2352941176,0.2857142857,,,,,,,,
512,0.3333333333,0.2564102564,0.3414634146,,,,,,,,
513,0.1538461538,0.1818181818,0.1785714286,,,,,,,,
514,0.0909090909,0.0833333333,0.0833333333,,,,,,,,
515,0.1379310345,0.1481481481,0.1481481481,,,,,,,,
516,0.2380952381,0.2816901408,0.2816901408,,,,,,,,
517,0.5142857143,0.3529411765,0.3125,,,,,,,,
518,0.4705882353,0.4285714286,0.4285714286,,,,,,,,
519,0.2564102564,0.2666666667,0.2553191489,,,,,,,,
520,0.4,0.2352941176,0.25,,,,,,,,
521,0.2068965517,0.4545454545,0.4166666667,,,,,,,,
522,0.303030303,0.3673469388,0.3928571429,,,,,,,,
523,0.2941176471,0.2127659574,0.2448979592,,,,,,,,
524,0.3125,0.4057971014,0.4,,,,,,,,
525,0.25,0.2926829268,0.2926829268,,,,,,,,
526,0.25,0.3018867925,0.3018867925,,,,,,,,
527,0.0571428571,0.2272727273,0.2083333333,,,,,,,,
528,0.0833333333,0.1363636364,0.1333333333,,,,,,,,
529,0.4,0.3414634146,0.3255813953,,,,,,,,
530,0.3870967742,0.2790697674,0.2790697674,,,,,,,,
531,0.3846153846,0.303030303,0.3529411765,,,,,,,,
532,0.064516129,0.4,0.3703703704,,,,,,,,
533,0.3870967742,0.36,0.3846153846,,,,,,,,
534,0.243902439,0.3561643836,0.3466666667,,,,,,,,
535,0.2222222222,0.1481481481,0.1481481481,,,,,,,,
536,0.1,0.2631578947,0.2857142857,,,,,,,,
537,0.3333333333,0.3692307692,0.3823529412,,,,,,,,
538,0.4,0.2424242424,0.2424242424,,,,,,,,
539,0.3428571429,0.32,0.32,,,,,,,,
540,0.1904761905,0.2777777778,0.358974359,,,,,,,,
541,0.4117647059,0.3492063492,0.3492063492,,,,,,,,
542,0.4137931034,0.2978723404,0.2978723404,,,,,,,,
543,0.2068965517,0.3181818182,0.3181818182,,,,,,,,
544,0,0.1481481481,0.2666666667,,,,,,,,
545,0.1538461538,0.4545454545,0.4444444444,,,,,,,,
546,0.4166666667,0.4117647059,0.4117647059,,,,,,,,
547,0.3333333333,0.1851851852,0.1851851852,,,,,,,,
548,0.3870967742,0.5217391304,0.5217391304,,,,,,,,
549,0.25,0.2264150943,0.2222222222,,,,,,,,
550,0.1666666667,0.303030303,0.2941176471,,,,,,,,
551,0.1578947368,0.3793103448,0.3548387097,,,,,,,,
552,0.2857142857,0.2307692308,0.2307692308,,,,,,,,
553,0.1935483871,0.2474226804,0.24,,,,,,,,
554,0.4166666667,0.375,0.375,,,,,,,,
555,0.2222222222,0.2051282051,0.2051282051,,,,,,,,
556,0.4242424242,0.4,0.4,,,,,,,,
557,0.2941176471,0.2352941176,0.2413793103,,,,,,,,
558,0.3333333333,0.5964912281,0.5964912281,,,,,,,,
559,0.1714285714,0.2,0.1960784314,,,,,,,,
560,0.1875,0.3555555556,0.347826087,,,,,,,,
561,0.2142857143,0.3921568627,0.3921568627,,,,,,,,
562,0.3902439024,0.303030303,0.3037974684,,,,,,,,
563,0.1,0.1612903226,0.1612903226,,,,,,,,
564,0.3414634146,0.3103448276,0.3103448276,,,,,,,,
565,0.4,0.303030303,0.2941176471,,,,,,,,
566,0.4210526316,0.3333333333,0.3333333333,,,,,,,,
567,0.2142857143,0.32,0.3137254902,,,,,,,,
568,0.5,0.35,0.3111111111,,,,,,,,
569,0.2,0.2692307692,0.3018867925,,,,,,,,
570,0.3157894737,0.3076923077,0.3076923077,,,,,,,,
571,0.2222222222,0.48,0.48,,,,,,,,
572,0.4,0.5454545455,0.5106382979,,,,,,,,
573,0.6470588235,0.48,0.5714285714,,,,,,,,
574,0.3243243243,0.3529411765,0.3529411765,,,,,,,,
575,0.2608695652,0.2222222222,0.2631578947,,,,,,,,
576,0.1875,0.3076923077,0.3076923077,,,,,,,,
577,0.4615384615,0.4210526316,0.4102564103,,,,,,,,
578,0.32,0.3,0.3,,,,,,,,
579,0.2,0.1481481481,0.1481481481,,,,,,,,
580,0.3225806452,0.4186046512,0.4186046512,,,,,,,,
581,0.2,0.1904761905,0.2608695652,,,,,,,,
582,0.3448275862,0.3913043478,0.3913043478,,,,,,,,
583,0.2962962963,0.2162162162,0.2162162162,,,,,,,,
584,0.16,0.2857142857,0.2857142857,,,,,,,,
585,0.1739130435,0.5789473684,0.5641025641,,,,,,,,
586,0.275862069,0.1509433962,0.1509433962,,,,,,,,
587,0.0952380952,0.2162162162,0.2105263158,,,,,,,,
588,0.275862069,0.4489795918,0.44,,,,,,,,
589,0.4,0.3859649123,0.3859649123,,,,,,,,
590,0.1379310345,0.1904761905,0.1904761905,,,,,,,,
591,0.0952380952,0.1142857143,0.1142857143,,,,,,,,
592,0.3783783784,0.3636363636,0.3636363636,,,,,,,,
593,0.2105263158,0.4545454545,0.4545454545,,,,,,,,
594,0.3846153846,0.2173913043,0.2173913043,,,,,,,,
595,0.1714285714,0.3037974684,0.2962962963,,,,,,,,
596,0.1428571429,0.0930232558,0.0930232558,,,,,,,,
597,0.2325581395,0.2393162393,0.2542372881,,,,,,,,
598,0.3428571429,0.4444444444,0.4444444444,,,,,,,,
599,0.3636363636,0.2702702703,0.2631578947,,,,,,,,
600,0.1935483871,0.25,0.2222222222,,,,,,,,
601,0.5294117647,0.5714285714,0.5384615385,,,,,,,,
602,0.4444444444,0.4285714286,0.5217391304,,,,,,,,
603,0.3225806452,0.431372549,0.431372549,,,,,,,,
604,0.375,0.3773584906,0.4745762712,,,,,,,,
605,0.1379310345,0.25,0.2857142857,,,,,,,,
606,0.2222222222,0.1333333333,0.1333333333,,,,,,,,
607,0.3529411765,0.2142857143,0.2068965517,,,,,,,,
608,0.28,0.3863636364,0.3863636364,,,,,,,,
609,0.4,0.3333333333,0.3076923077,,,,,,,,
610,0.3448275862,0.358974359,0.358974359,,,,,,,,
611,0.3333333333,0.2325581395,0.2127659574,,,,,,,,
612,0.56,0.4516129032,0.4117647059,,,,,,,,
613,0.4166666667,0.303030303,0.303030303,,,,,,,,
614,0.3870967742,0.2790697674,0.2790697674,,,,,,,,
615,0.2,0.2941176471,0.2941176471,,,,,,,,
616,0.25,0.4126984127,0.4126984127,,,,,,,,
617,0.3333333333,0.4897959184,0.4897959184,,,,,,,,
618,0.380952381,0.32,0.3137254902,,,,,,,,
619,0.24,0.1621621622,0.1578947368,,,,,,,,
620,0.303030303,0.2040816327,0.2040816327,,,,,,,,
621,0.3333333333,0.4,0.3870967742,,,,,,,,
622,0.3333333333,0.3720930233,0.3720930233,,,,,,,,
623,0.4166666667,0.4117647059,0.4117647059,,,,,,,,
624,0.1666666667,0.2564102564,0.2564102564,,,,,,,,
625,0.2222222222,0.2857142857,0.2857142857,,,,,,,,
626,0.4242424242,0.3720930233,0.3673469388,,,,,,,,
627,0.3684210526,0.3333333333,0.3265306122,,,,,,,,
628,0.3225806452,0.2727272727,0.2727272727,,,,,,,,
629,0.4375,0.2978723404,0.3333333333,,,,,,,,
630,0.380952381,0.2631578947,0.2564102564,,,,,,,,
631,0.3448275862,0.3157894737,0.3076923077,,,,,,,,
632,0.2222222222,0.4255319149,0.4166666667,,,,,,,,
633,0.4666666667,0.3111111111,0.3111111111,,,,,,,,
634,0.4827586207,0.5306122449,0.4905660377,,,,,,,,
635,0.48,0.4,0.4,,,,,,,,
636,0.2,0.1904761905,0.1904761905,,,,,,,,
637,0.2857142857,0.1714285714,0.1904761905,,,,,,,,
638,0.3333333333,0.35,0.35,,,,,,,,
639,0.375,0.3673469388,0.3703703704,,,,,,,,
640,0.4,0.5098039216,0.4642857143,,,,,,,,
641,0.275862069,0.511627907,0.511627907,,,,,,,,
642,0.1739130435,0.2222222222,0.2222222222,,,,,,,,
643,0.375,0.2727272727,0.2727272727,,,,,,,,
644,0.1538461538,0.3461538462,0.3272727273,,,,,,,,
645,0.1395348837,0.1764705882,0.2253521127,,,,,,,,
646,0.3125,0.2307692308,0.2307692308,,,,,,,,
647,0.4,0.2941176471,0.4,,,,,,,,
648,0.08,0.2564102564,0.2564102564,,,,,,,,
649,0.3703703704,0.3902439024,0.3902439024,,,,,,,,
650,0.275862069,0.3157894737,0.3157894737,,,,,,,,
651,0.3333333333,0.25,0.28,,,,,,,,
652,0.6,0.44,0.44,,,,,,,,
653,0.358974359,0.2592592593,0.2592592593,,,,,,,,
654,0.4137931034,0.3043478261,0.2592592593,,,,,,,,
655,0.2941176471,0.2666666667,0.2666666667,,,,,,,,
656,0.1764705882,0.2380952381,0.2325581395,,,,,,,,
657,0.3,0.2105263158,0.2105263158,,,,,,,,
658,0.2105263158,0.2307692308,0.2307692308,,,,,,,,
659,0.25,0.1818181818,0.2173913043,,,,,,,,
660,0.2857142857,0.2692307692,0.2692307692,,,,,,,,
661,0.3157894737,0.3846153846,0.3846153846,,,,,,,,
662,0.2666666667,0.2857142857,0.328358209,,,,,,,,
663,0.2424242424,0.3404255319,0.3673469388,,,,,,,,
664,0.2941176471,0.2,0.1785714286,,,,,,,,
665,0.1395348837,0.2,0.1971830986,,,,,,,,
666,0.3636363636,0.3333333333,0.3333333333,,,,,,,,
667,0.2857142857,0.2264150943,0.2264150943,,,,,,,,
668,0.0769230769,0.1052631579,0.1052631579,,,,,,,,
669,0.1764705882,0.1875,0.1875,,,,,,,,
670,0.2,0.1739130435,0.2857142857,,,,,,,,
671,0.1739130435,0.1176470588,0.0888888889,,,,,,,,
672,0.1818181818,0.1224489796,0.1224489796,,,,,,,,
673,0.4545454545,0.3448275862,0.3636363636,,,,,,,,
674,0.4210526316,0.3636363636,0.3636363636,,,,,,,,
675,0.2727272727,0.35,0.3333333333,,,,,,,,
676,0.3333333333,0.6222222222,0.6222222222,,,,,,,,
677,0.2926829268,0.234375,0.234375,,,,,,,,
678,0.3076923077,0.3428571429,0.3333333333,,,,,,,,
679,0.0714285714,0.2564102564,0.2564102564,,,,,,,,
680,0.0526315789,0.4074074074,0.4,,,,,,,,
681,0.380952381,0.4333333333,0.4333333333,,,,,,,,
682,0.4444444444,0.3783783784,0.3255813953,,,,,,,,
683,0.4137931034,0.4102564103,0.4102564103,,,,,,,,
684,0.2352941176,0.1818181818,0.1694915254,,,,,,,,
685,0.1176470588,0.1777777778,0.1739130435,,,,,,,,
686,0.2142857143,0.5581395349,0.5581395349,,,,,,,,
687,0.3571428571,0.3333333333,0.2926829268,,,,,,,,
688,0.1333333333,0.2916666667,0.2916666667,,,,,,,,
689,0.1212121212,0.1090909091,0.1090909091,,,,,,,,
690,0.1818181818,0.1818181818,0.170212766,,,,,,,,
691,0.2580645161,0.1428571429,0.1428571429,,,,,,,,
692,0.375,0.2745098039,0.2711864407,,,,,,,,
693,0.24,0.2769230769,0.2769230769,,,,,,,,
694,0.5625,0.3829787234,0.3829787234,,,,,,,,
695,0.347826087,0.2580645161,0.2580645161,,,,,,,,
696,0.2068965517,0.1764705882,0.1764705882,,,,,,,,
697,0.2142857143,0.1224489796,0.1224489796,,,,,,,,
698,0.2,0.1428571429,0.25,,,,,,,,
699,0.4117647059,0.3846153846,0.3846153846,,,,,,,,
700,0.4242424242,0.380952381,0.380952381,,,,,,,,
701,0.2222222222,0.1379310345,0.2,,,,,,,,
702,0.2857142857,0.3043478261,0.3043478261,,,,,,,,
703,0.0952380952,0.3333333333,0.3333333333,,,,,,,,
704,0.3076923077,0.25,0.25,,,,,,,,
705,0.2,0.3333333333,0.3636363636,,,,,,,,
